{"mel_mean": -5.771288871765137, "mel_std": 2.9530909061431885}