{"mel_mean": -5.7935943603515625, "mel_std": 2.965059280395508}