{"mel_mean": -4.988495826721191, "mel_std": 2.135089874267578}